serial_number,raw_english_name,price,currency,unit
3,Dior Miss Dior Blooming Bouquet,72.12,USD,KG
7,Issey Miyake L'eau d'Issey,72.12,USD,KG
12,Jo Malone Wild Bluebell Fragrance,78.18,USD,KG
13,Burberry fragrance,78.18,USD,KG
14,Lancôme fragrance,78.78,USD,KG
18,Polo Sport fragrance,90.90,USD,KG
22,GIO Giorgio Armani Fragrance,87.58,USD,KG
27,Creed Aventus,89.70,USD,KG
29,Dior Fragrance,90.30,USD,KG
30,Tickled pink fragrance,90.30,USD,KG
35,Adidas - Black Gold Elegance,102.42,USD,KG
36,Tom Ford Lost Cherry,102.42,USD,KG
40,Dior Sauvage,110.60,USD,KG
41,Bvlgari fragrance,110.90,USD,KG
44,Chanel Coco Mademoiselle,117.58,USD,KG
45,Bleu de Chanel Fragrance,120.60,USD,KG
47,Dior Fahrenheit,125.46,USD,KG
48,COCO Chanel Coco Mademoiselle,125.76,USD,KG
51,Paco Rabanne Olympéa,131.22,USD,KG
52,Dior J'adore,138.78,USD,KG
53,Versace Vanitas,148.18,USD,KG
55,Lancome Miracle Tendre Voyage,157.58,USD,KG
56,Dior No.3 fragrance,157.58,USD,KG
58,Boss Fragrance,181.82,USD,KG
59,Kilian Liaisons Dangereuses,298.78,USD,KG
62,Versace Vanitas Fragrance,121.22,USD,KG
63,Jo Malone Wild Bluebell Fragrance,72.42,USD,KG
64,CK one fragrance,69.10,USD,KG
65,Drakkar fragrance,35.76,USD,KG
66,Dior Fragrance,60.30,USD,KG
67,The Black Mark fragrance,70.60,USD,KG
68,Gucci Rush fragrance,72.12,USD,KG
69,Lancome Miracle Fragrance,83.34,USD,KG
70,Black perfume fragrance,82.72,USD,KG
76,Boss Hugo Boss fragrance,126.66,USD,KG
78,Issey Miyake L'eau d'Issey,124.24,USD,KG
85,Mousuf black fragrance,114.54,USD,KG
91,LACOSTE fragrance,79.70,USD,KG
92,Dior J'adore fragrance,77.88,USD,KG
93,Gucci fragrance,74.24,USD,KG
96,) Gucci (for men) fragrance,59.40,USD,KG
99,Bvlgari Aqva Pour Homme Marine,108.78,USD,KG
110,Dior Star fragrance,139.40,USD,KG
111,Dior Homme fragrance,106.96,USD,KG
112,Dior Dune fragrance,56.36,USD,KG
114,Tom Ford fragrance,147.28,USD,KG
115,Byredo Rose Of No Man's Land,49.40,USD,KG
116,Chanel Chance Fragrance,84.54,USD,KG
117,Dior Miss Dior Blooming Bouquet,102.42,USD,KG
118,YSL Yves Saint Laurent Black Opium,79.40,USD,KG
124,Jo Malone Velvet Rose & Oud,188.48,USD,KG
125,Tom Ford Bitter Peach,81.52,USD,KG
126,Dream back to Tang,62.12,USD,KG
129,Hermes Un Jardin à Cythère,206.06,USD,KG
130,Gucci Flora Gorgeous Jasmine,133.04,USD,KG
132,YSL Yves Saint Laurent Libre fragrance,93.34,USD,KG
146,Hermes Eau d'Orange Verte,146.06,USD,KG
147,YSL Yves Saint Laurent Mon Paris,96.36,USD,KG
148,Creed Aventus,155.46,USD,KG
149,Dior Sauvage,119.70,USD,KG
150,Valentino fragrance,98.78,USD,KG
152,Armani stronger with you,147.88,USD,KG
153,Armani stronger with you,78.18,USD,KG
157,Tom Ford,60.60,USD,KG
168,Dior Sauvage,423.04,USD,KG
169,Paco Rabanne 1 Million,78.18,USD,KG
173,Dior Pure Poison,82.42,USD,KG
174,Dior Pure Poison,60.00,USD,KG
181,Hermes - Earth,93.64,USD,KG
182,Versace - Sunset Dreams,78.18,USD,KG
186,Jean Paul Gaultier La Bella,216.66,USD,KG
194,TOM FORD - TOBACCO VANILLE,84.24,USD,KG
195,DIOR - EAU SAUVAGE,55.16,USD,KG
196,CK-ONE CALVIN KLEIN CALVIN KLEIN - CK ONE,66.36,USD,KG
197,PACO RABANNE - 1 MILLION,41.82,USD,KG
198,NH Hugo Boss-Hugo NH HUGO BOSS - HUGO,63.94,USD,KG
199,PACO RABANNE - INVICTUS,63.34,USD,KG
200,ABERCROMBIE & FITCH - FIERCE COLOGNE,35.16,USD,KG
201,AZZARO - WANTED,86.36,USD,KG
202,LACOSTE - LACOSTE ESSENTIAL,56.06,USD,KG
203,ANTONIO BANDERAS - BLUE SEDUCTION,57.88,USD,KG
204,ESCENTRIC 02,101.52,USD,KG
205,CHANEL - EGOISTE PLATINUM,56.06,USD,KG
206,LACOSTE L.12.12 BLANC,84.24,USD,KG
207,CHANEL ALLURE HOME SPORT,62.12,USD,KG
208,NASOMATTO - BLACK AFGANO,66.96,USD,KG
216,Giorgio Armani Acqua di Giò Profondo,74.54,USD,KG
219,Chanel Chance,120.90,USD,KG
220,Dior Flower Sweetheart,72.12,USD,KG
221,Giorgio Armani Acqua di Giò Profondo,45.46,USD,KG
224,Black Crow,56.96,USD,KG
227,Chanel No. 5,224.24,USD,KG
237,Polo Blue Special,101.52,USD,KG
241,Blue Polo Shirt,73.64,USD,KG
244,Bvlgari Aqva Pour Homme,134.24,USD,KG
245,Bvlgari Aqva Pour Homme,75.76,USD,KG
247,Carolina Herrera 212 VIP Men,44.84,USD,KG
248,Giorgio Armani Acqua di Gio,187.88,USD,KG
250,) Baccarat Rouge 540,545.46,USD,KG
251,540 Baccarat Rouge 540,107.58,USD,KG
252,Jo Malone Lime Basil & Mandarin,107.88,USD,KG
253,Giorgio Armani My Way,222.72,USD,KG
273,) YSL Yves Saint Laurent Libre,208.48,USD,KG
274,) Guerlain Mon Guerlain Florale,231.82,USD,KG
275,Lancome La Nuit Trésor,136.06,USD,KG
276,) Hermes Un Jardin Sur Le Nil,101.82,USD,KG
277,"Kilian Love,Don't Be Shy",146.96,USD,KG
278,Creed Millésime Impérial,662.12,USD,KG
279,Chloe Atelier des Fleurs Jasminum Sambac,142.42,USD,KG
280,Lancome La Nuit Trésor,31.82,USD,KG
281,"Kilian Love,Don't Be Shy",31.82,USD,KG
282,Chanel Gabrielle Essence,181.22,USD,KG
288,Chanel Allure Eau de Parfum,123.04,USD,KG
289,Hermes Un Jardin Sur Le Nil,71.52,USD,KG
291,Prada Paradoxe,223.94,USD,KG
292,Miu Miu Twist Eau de Magnolia,215.16,USD,KG
293,Paco Rabanne 1 Million,38.18,USD,KG
294,Paco Rabanne 1 Million,31.82,USD,KG
295,"Kilian Love,Don't Be Shy",31.82,USD,KG
299,Chanel 1957,334.84,USD,KG
300,"Dior Miss Dior Blooming Bouquet, 2014",139.40,USD,KG
301,Paco Rabanne 1 Million,41.82,USD,KG
302,Drakkar noir,35.76,USD,KG
303,Kilian Light My Fire,93.34,USD,KG
304,Giorgio Armani Thé Yulong,238.78,USD,KG
305,Chanel Chance Eau Tendre,302.72,USD,KG
306,Dior J'Adore L'Or,247.88,USD,KG
307,Chanel Paris – Deauville,181.22,USD,KG
308,1999 Dior J'adore,155.16,USD,KG
309,Jean Paul Gaultier Scandal,63.64,USD,KG
310,"Givenchy L'Interdit Eau de Parfum, 2018",87.28,USD,KG
311,Paco Rabanne ONE Million(Sweetheart),88.78,USD,KG
312,Kenneth Cole Addicted To You,54.54,USD,KG
313,"Lancome La Vie Est Belle, 2012",63.94,USD,KG
314,Rabanne Invictus Aqua,63.04,USD,KG
315,Lancome La Nuit Trésor,63.04,USD,KG
316,Chanel Coco Mademoiselle,69.10,USD,KG
317,"Acqua di Parma Blu Mediterraneo - Mirto di Panarea, 2008",93.34,USD,KG
318,"Jo Malone Wood Sage & Sea Salt, 2014",101.82,USD,KG
319,"Creed Aventus, 2010",524.24,USD,KG
326,) Baccarat Rouge 540,77.28,USD,KG
327,33 Labo 33 Le Labo Santal 33,76.66,USD,KG
329,Hugo Boss-Boss Bottled Oud Saffron,76.36,USD,KG
330,Kayali Fragrances Yum Boujee Marshmallow | 81,186.66,USD,KG
331,Azzaro Chrome,89.40,USD,KG
332,Xerjoff Erba Pura,171.52,USD,KG
333,Xerjoff Erba Pura,78.18,USD,KG
334,Victoria's Secret Bombshell,69.40,USD,KG
335,Lanvin Rumeur,157.58,USD,KG
336,Calvin Klein CK One,101.52,USD,KG
337,Burberry Hero,210.60,USD,KG
338,) Versace Bright Crystal,87.88,USD,KG
339,) Lalique Encre Noire,365.46,USD,KG
340,) Penhaligon's The Tragedy of Lord George,517.58,USD,KG
341,Elizabeth Arden White Tea,181.52,USD,KG
342,Byredo Rose Of No Man's Land,296.36,USD,KG
343,) Rabanne 1 Million,393.94,USD,KG
344,) Carolina Herrera Good Girl,260.60,USD,KG
345,Tom Ford Lost Cherry,139.40,USD,KG
346,) Tom Ford Ombré Leather,443.94,USD,KG
351,Victoria's Secret Pure Seduction,45.16,USD,KG
354,"Louis Vuitton California Dream, 2020",789.70,USD,KG
355,212 Carolina Herrera 212 VIP Men,64.54,USD,KG
356,540 Baccarat Rouge 540,132.12,USD,KG
357,") Hermes Terre d'Hermes Parfum, 2009",134.84,USD,KG
358,Tom Ford Oud Wood,80.60,USD,KG
361,"Le Labo Santal 33, 2011",81.52,USD,KG
362,"Coach Eau de Toilette, 2016",110.60,USD,KG
363,L'Artisan Parfumeur Passage d'Enfer,303.04,USD,KG
364,"Parfums de Marly Valaya, 2023",452.12,USD,KG
365,Giorgio Armani Eclat de Jasmin,459.40,USD,KG
367,Marc Jacobs Daisy Wild,217.58,USD,KG
368,Dior Homme Intense,218.78,USD,KG
369,Giorgio Armani Thé Yulong,69.70,USD,KG
371,Hermes Eau d'Orange Verte,60.60,USD,KG
373,Burberry Weekend for Men,120.00,USD,KG
374,Creed Aventus,88.78,USD,KG
377,) Frederic Malle L'Eau d'Hiver,83.34,USD,KG
378,Carolina Herrera Good Girl,90.90,USD,KG
379,Louis Vuitton Afternoon Swim,346.06,USD,KG
381,02 ESCENTRIC 02,413.94,USD,KG
382,Louis Vuitton Ombre Nomade,450.30,USD,KG
383,Tom Ford White Suede,125.76,USD,KG
384,Valentino Voce Viva,262.42,USD,KG
385,Lancome Miracle,256.96,USD,KG
386,Kilian Angels' Share,120.60,USD,KG
387,Louis Vuitton Le Jour se Lève,86.66,USD,KG
388,Giorgio Armani Pivoine Suzhou,287.88,USD,KG
390,Dior Dune,178.18,USD,KG
391,Maison Margiela Bubble Bath,66.66,USD,KG
392,"Louis Vuitton Imagination, 2021",281.22,USD,KG
393,"Jean Paul Gaultier Le Male Elixir, 2023",332.12,USD,KG
396,Byredo Rose Of No Man's Land,60.60,USD,KG
398,"Parfums de Marly Valaya, 2023",60.60,USD,KG
400,"Chloe Chloe Eau de Parfum, 2008",96.96,USD,KG
401,"Giorgio Armani Armani Privé Oud Royal, 2010",169.70,USD,KG
402,"Dior J'adore Parfum d'Eau, 2022",438.18,USD,KG
403,"Creed Absolu Aventus,2023",463.64,USD,KG
404,Narciso Rodriguez For Her,51.52,USD,KG
405,Kayali Fragrances Yum Boujee Marshmallow | 81,151.52,USD,KG
407,Amouage Guidance 46,330.30,USD,KG
408,Narciso Rodriguez For Her,42.42,USD,KG
410,Chloe Atelier des Fleurs Cedrus,220.00,USD,KG
411,Narciso Rodriguez For Her,69.10,USD,KG
415,"Hermes Le Jardin de Monsieur Li, 2015",90.60,USD,KG
416,"Frederic Malle Portrait of a Lady, 2010",200.00,USD,KG
417,"Burberry Goddess, 2023",115.16,USD,KG
418,"Penhaligon's The Coveted Duchess Rose, 2016",184.24,USD,KG
419,"Hugo Boss Boss Ma Vie Pour Femme Intense, 2016",157.58,USD,KG
420,"Dolce&Gabbana D&G Anthology L'Imperatrice 3, 2009",190.30,USD,KG
421,Ex Nihilo Fleur Narcotique,211.52,USD,KG
422,"Amouage Reflection Man, 2006",113.64,USD,KG
423,) Tom Ford Ombré Leather,106.06,USD,KG
429,"Louis Vuitton Imagination, 2021",160.00,USD,KG
430,Byredo Rose Of No Man's Land,160.00,USD,KG
431,"Creed Absolu Aventus,2023",178.78,USD,KG
432,NASOMATTO - BLACK AFGANO,121.22,USD,KG
433,TOM FORD - TOBACCO VANILLE,121.22,USD,KG
434,"Kenzo Jungle L'Elephant, 1996",200.00,USD,KG
435,Dolce&Gabbana Devotion,114.54,USD,KG
436,Giorgio Armani Figuier Eden,211.82,USD,KG
437,Viktor&Rolf Spicebomb,151.52,USD,KG
438,Jo Malone Dark Amber & Ginger Lily,144.84,USD,KG
439,"Louis Vuitton Orage, 2018",329.70,USD,KG
440,Frederic Malle Rose Tonnerre (Une Rose),127.28,USD,KG
441,Gucci Bloom,223.64,USD,KG
442,Creed-Aventus,77.58,USD,KG
446,Hermes Twilly d'Hermès,241.82,USD,KG
453,Creed Silver Mountain Water,333.34,USD,KG
454,) Penhaligon's The Tragedy of Lord George,101.52,USD,KG
455,"Dior Bois D'Argent, 2018",496.96,USD,KG
456,Dior Bois D'Argent,60.60,USD,KG
457,Giorgio Armani My Way,96.96,USD,KG
461,Frederic Malle En Passant,66.06,USD,KG
463,Creed Queen of Silk,110.90,USD,KG
464,"Chanel Bleu de Chanel Eau de Toilette, 2010",120.60,USD,KG
465,"Chanel Bleu de Chanel Eau de Toilette, 2010",342.42,USD,KG
466,"YSL Yves Saint Laurent Y, 2017",246.06,USD,KG
467,"Giorgio Armani Si, 2013",141.82,USD,KG
468,"Etat Libre d'Orange You Or Someone Like You, 2017",141.82,USD,KG
469,Laura Biagiotti Venezia,473.34,USD,KG
470,Kayali Fragrances Vanilla Royale Sugared Patchouli 64,121.22,USD,KG
471,Sol de Janeiro Brazilian Crush Cheirosa,63.64,USD,KG
472,"Chanel Chance Eau Fraiche, 2007",263.64,USD,KG
473,Kilian Sacred Wood,66.66,USD,KG
475,"Louis Vuitton Ambre Levant, 2026",1696.96,USD,KG
476,"Serge Lutens L'orpheline, 2014",199.40,USD,KG
477,"Guerlain Habit Rouge Eau de Parfum, 1965",278.78,USD,KG
478,"Frederic Malle Carnal Flower, 2005",275.16,USD,KG
479,"Viktor&Rolf Spicebomb, 2012",90.60,USD,KG
480,"Bvlgari Pour Homme Eau de Toilette, 1996",138.78,USD,KG
481,"Jo Malone Wild Bluebell, 2011",141.82,USD,KG
482,"Guerlain Angélique Noire, 2005",223.04,USD,KG
483,"Chanel Bleu de Chanel Eau de Parfum, 2014",251.52,USD,KG
490,"Louis Vuitton Imagination, 2021",45.46,USD,KG
491,Dior J'adore,78.78,USD,KG
492,"Kenzo Jungle L'Elephant, 1996",60.60,USD,KG
494,YSL Yves Saint Laurent Libre,147.88,USD,KG
495,Louis Vuitton Ombre Nomade,177.58,USD,KG
496,Creed Silver Mountain Water,151.52,USD,KG
497,"Parfums de Marly Valaya, 2023",121.22,USD,KG
498,"33 Le Labo Santal 33, 2011",42.42,USD,KG
499,Xerjoff Erba Pura,45.46,USD,KG
501,Dior Bois D'Argent,89.40,USD,KG
502,"Frederic Malle Portrait of a Lady, 2010",96.66,USD,KG
503,Kilian Sacred Wood,66.66,USD,KG
505,"Valentino Donna Born In Roma, 2019",178.18,USD,KG
506,"Dolce&Gabbana Light Blue,2001",136.36,USD,KG
507,"Jo Malone Peony & Blush Suede, 2013",109.10,USD,KG
508,Tom Ford Lost Cherry,45.46,USD,KG
509,"Burberry Her, 2018",165.16,USD,KG
510,"Louis Vuitton Rose des Vents, 2016",38.78,USD,KG
511,"Valentino Donna Born In Roma Coral Fantasy, 2022",154.54,USD,KG
512,Chanel Coco Mademoiselle,90.30,USD,KG
513,"YSL Yves Saint Laurent Y, 2017",121.22,USD,KG
